device_seed,optimizer_seed,initial_score,found_score,oracle_score,measured_score_ratio,barrier_distance_v,n_measurements,n_pixels,oracle_factor
0.0,0.0,5.514908690916705,26.85630596026134,36.02507058930942,0.7454893362021906,0.04881595037344308,326.0,7335000.0,32.97209935789211
1.0,0.0,3.8376106474112626,21.169517892693648,28.338359237152986,0.74702694378083,0.4597114267731225,341.0,7672500.0,32.17297704790903
2.0,0.0,3.685203366403725,26.697954507852433,23.81798868433648,1.1209155761086542,0.047934704160215044,325.0,7312500.0,29.830648223096254
3.0,0.0,12.006212416095643,26.883219378559758,33.25024526346605,0.8085119121842356,0.5942506252559603,334.0,7515000.0,30.345771514092142
4.0,0.0,5.636064698782791,27.36006332016245,30.379263259908168,0.9006164200258869,0.8904718409128668,334.0,7515000.0,32.29774695308066
5.0,0.0,5.227619497327371,17.157437108786144,20.836690735222874,0.8234242820421946,0.38272718340385503,397.0,8932500.0,27.930230187317427
6.0,0.0,3.4539278680958594,28.12688479486665,31.565092821855586,0.8910756243806028,0.04579374713895921,335.0,7537500.0,29.799176611640224
7.0,0.0,3.8560637176679067,23.32758537765963,29.666550511809746,0.7863261813460017,0.5128417330445777,341.0,7672500.0,30.97069428752046
8.0,0.0,3.980178077608795,29.252747075356222,29.67500104284581,0.9857707176865833,0.02752908958185107,333.0,7492500.0,28.909028517654114
9.0,0.0,3.63832723034267,22.843560069535965,24.61199947434247,0.928147267894668,0.023450654459784684,355.0,7987500.0,30.082069141031724
