method,device_seed,optimizer_seed,initial_score,found_score,oracle_score,measured_score_ratio,barrier_distance_v,n_measurements,n_pixels,pixel_time_ms,oracle_factor
full-frame,0.0,0.0,5.514908690916705,26.85630596026134,36.02507058930942,0.7454893362021906,0.04881595037344308,326.0,7335000.0,7335000.0,32.97209935789211
zoomed,0.0,0.0,5.514908690916705,12.923591228153546,36.24893325413972,0.3565233530472966,0.9100058020582406,792.0,3626100.0,3626100.0,32.97209935789211
full-frame,1.0,0.0,3.8376106474112626,21.169517892693648,28.338359237152986,0.74702694378083,0.45971142677312254,341.0,7672500.0,7672500.0,32.17297704790903
zoomed,1.0,0.0,3.8376106474112626,28.604484141178784,28.728134674832773,0.9956958384157704,0.027825199304214558,792.0,3626100.0,3626100.0,32.17297704790903
full-frame,2.0,0.0,3.685203366403725,26.697954507852433,23.81798868433648,1.1209155761086542,0.047934704160215044,325.0,7312500.0,7312500.0,29.830648223096254
zoomed,2.0,0.0,3.685203366403725,20.0393618308422,23.746010149300513,0.8439043740336521,0.10891367489836759,792.0,3626100.0,3626100.0,29.830648223096254
full-frame,3.0,0.0,12.006212416095643,26.883219378559758,33.25024526346605,0.8085119121842356,0.5942506252559603,334.0,7515000.0,7515000.0,30.345771514092142
zoomed,3.0,0.0,12.006212416095643,25.67963489860389,32.864491312698505,0.7813793511747295,0.5846031497793613,792.0,3626100.0,3626100.0,30.345771514092142
full-frame,4.0,0.0,5.636064698782791,27.36006332016245,30.379263259908168,0.9006164200258869,0.8904718409128668,334.0,7515000.0,7515000.0,32.29774695308066
zoomed,4.0,0.0,5.636064698782791,30.85790125066059,30.086756017991274,1.0256307204475015,0.8398948459490534,792.0,3626100.0,3626100.0,32.29774695308066
full-frame,5.0,0.0,5.227619497327371,17.157437108786144,20.836690735222874,0.8234242820421946,0.38272718340385503,397.0,8932500.0,8932500.0,27.930230187317427
zoomed,5.0,0.0,5.227619497327371,22.841637181262474,20.370675466334244,1.121299940152298,0.0798201610283041,806.0,3941100.0,3941100.0,27.930230187317427
full-frame,6.0,0.0,3.4539278680958594,28.12688479486665,31.565092821855586,0.8910756243806028,0.04579374713895921,335.0,7537500.0,7537500.0,29.799176611640224
zoomed,6.0,0.0,3.4539278680958594,20.51722405912807,31.898984235867232,0.6431936486572664,0.0882569834938081,793.0,3648600.0,3648600.0,29.799176611640224
full-frame,7.0,0.0,3.8560637176679067,23.32758537765963,29.666550511809746,0.7863261813460017,0.5128417330445777,341.0,7672500.0,7672500.0,30.97069428752046
zoomed,7.0,0.0,3.8560637176679067,27.699474988061535,29.02795236934234,0.9542345472950456,0.48518623389811427,792.0,3626100.0,3626100.0,30.97069428752046
full-frame,8.0,0.0,3.980178077608795,29.252747075356222,29.67500104284581,0.9857707176865833,0.02752908958185107,333.0,7492500.0,7492500.0,28.909028517654114
zoomed,8.0,0.0,3.980178077608795,24.82150695260511,29.56078077922325,0.8396769739604059,0.06407295446045852,792.0,3626100.0,3626100.0,28.909028517654114
full-frame,9.0,0.0,3.63832723034267,22.843560069535965,24.61199947434247,0.928147267894668,0.023450654459784684,355.0,7987500.0,7987500.0,30.082069141031724
zoomed,9.0,0.0,3.63832723034267,16.29521303756938,24.909958083849627,0.6541646109045194,0.3862407262632682,618.0,2999700.0,2999700.0,30.082069141031724
